{
    "metadata": [
        [
            149, 
            "Soil736.auxo_media", 
            "KBaseBiochem.Media-4.1", 
            "2019-06-12T11:54:31+0000", 
            1, 
            "pwen", 
            44569, 
            "pwen:narrative_1559033830478", 
            "6588c86f1cf310c980a461dc38ad5523", 
            4223, 
            {
                "Is Defined": "0", 
                "Is Minimal": "0", 
                "Name": "Carbon-D-Glucose", 
                "Number compounds": "26", 
                "Source ID": "Carbon-D-Glucose"
            }
        ]
    ], 
    "provenance": [
        {
            "copy_source_inaccessible": 0, 
            "created": "2019-06-12T11:54:31+0000", 
            "creator": "pwen", 
            "epoch": 1560340471146, 
            "extracted_ids": {}, 
            "info": [
                149, 
                "Soil736.auxo_media", 
                "KBaseBiochem.Media-4.1", 
                "2019-06-12T11:54:31+0000", 
                1, 
                "pwen", 
                44569, 
                "pwen:narrative_1559033830478", 
                "6588c86f1cf310c980a461dc38ad5523", 
                4223, 
                {
                    "Is Defined": "0", 
                    "Is Minimal": "0", 
                    "Name": "Carbon-D-Glucose", 
                    "Number compounds": "26", 
                    "Source ID": "Carbon-D-Glucose"
                }
            ], 
            "orig_wsid": 44569, 
            "path": [
                "44569/149/1"
            ], 
            "provenance": [
                {
                    "custom": {}, 
                    "external_data": [], 
                    "input_ws_objects": [], 
                    "method": "predict_auxotrophy", 
                    "method_params": [
                        {
                            "genome_ids": [
                                "Soil522", 
                                "Soil531", 
                                "Soil535", 
                                "Soil538", 
                                "Soil724D2", 
                                "Soil728", 
                                "Soil729", 
                                "Soil736", 
                                "44569/53/2", 
                                "44569/55/2", 
                                "44569/57/2", 
                                "44569/59/2", 
                                "44569/61/2", 
                                "44569/63/2", 
                                "44569/65/2", 
                                "44569/67/2", 
                                "44569/69/2", 
                                "44569/71/2", 
                                "44569/73/2", 
                                "44569/75/2", 
                                "44569/77/2", 
                                "44569/79/2", 
                                "44569/81/2", 
                                "44569/83/2", 
                                "44569/85/2", 
                                "44569/87/2", 
                                "44569/89/2", 
                                "44569/91/2", 
                                "44569/93/2", 
                                "44569/95/2", 
                                "44569/97/2", 
                                "44569/100/2"
                            ], 
                            "genome_workspace": "pwen:narrative_1559033830478", 
                            "workspace": "pwen:narrative_1559033830478"
                        }
                    ], 
                    "resolved_ws_objects": [], 
                    "service": "fba_tools", 
                    "subactions": []
                }
            ], 
            "refs": []
        }
    ]
}