{
    "metadata": [
        [
            1864,
            "Leaf336.auxo_media",
            "KBaseBiochem.Media-4.2",
            "2020-06-18T13:53:44+0000",
            1,
            "pwen",
            44263,
            "pwen:narrative_1558083649245",
            "0004cf768c7108cef7c2f0d0062e892c",
            4373,
            {
                "Is Defined": "0",
                "Is Minimal": "0",
                "Name": "Carbon-D-Glucose",
                "Number compounds": "27",
                "Source ID": "Carbon-D-Glucose"
            }
        ]
    ],
    "provenance": [
        {
            "copy_source_inaccessible": 0,
            "created": "2020-06-18T13:53:44+0000",
            "creator": "pwen",
            "epoch": 1592488424181,
            "extracted_ids": {},
            "info": [
                1864,
                "Leaf336.auxo_media",
                "KBaseBiochem.Media-4.2",
                "2020-06-18T13:53:44+0000",
                1,
                "pwen",
                44263,
                "pwen:narrative_1558083649245",
                "0004cf768c7108cef7c2f0d0062e892c",
                4373,
                {
                    "Is Defined": "0",
                    "Is Minimal": "0",
                    "Name": "Carbon-D-Glucose",
                    "Number compounds": "27",
                    "Source ID": "Carbon-D-Glucose"
                }
            ],
            "orig_wsid": 44263,
            "path": [
                "44263/1864/1"
            ],
            "provenance": [
                {
                    "custom": {},
                    "external_data": [],
                    "input_ws_objects": [],
                    "method": "predict_auxotrophy",
                    "method_params": [
                        {
                            "genome_ids": [
                                "Leaf5",
                                "Leaf7",
                                "Leaf8",
                                "Leaf9",
                                "Leaf10",
                                "Leaf11",
                                "Leaf13",
                                "Leaf15",
                                "Leaf16",
                                "Leaf17",
                                "Leaf20",
                                "Leaf23",
                                "Leaf24",
                                "Leaf25",
                                "Leaf26",
                                "Leaf28",
                                "Leaf29",
                                "Leaf30",
                                "Leaf32",
                                "Leaf33",
                                "Leaf34",
                                "Leaf38",
                                "Leaf41",
                                "Leaf42",
                                "Leaf22",
                                "Leaf44",
                                "Leaf48",
                                "Leaf49",
                                "Leaf50",
                                "Leaf51",
                                "Leaf53",
                                "Leaf58",
                                "Leaf61",
                                "Leaf62",
                                "Leaf64",
                                "Leaf67",
                                "Leaf68",
                                "Leaf69",
                                "Leaf70",
                                "Leaf72",
                                "Leaf75",
                                "Leaf76",
                                "Leaf78",
                                "Leaf82",
                                "Leaf83",
                                "Leaf84",
                                "Leaf85",
                                "Leaf86",
                                "Leaf87",
                                "Leaf88",
                                "Leaf89",
                                "Leaf90",
                                "Leaf91",
                                "Leaf92",
                                "Leaf93",
                                "Leaf94",
                                "Leaf99",
                                "Leaf100",
                                "Leaf102",
                                "Leaf104",
                                "Leaf106",
                                "Leaf108",
                                "Leaf111",
                                "Leaf112",
                                "Leaf113",
                                "Leaf117",
                                "Leaf119",
                                "Leaf121",
                                "Leaf122",
                                "Leaf123",
                                "Leaf125",
                                "Leaf126",
                                "Leaf127",
                                "Leaf129",
                                "Leaf130",
                                "Leaf131",
                                "Leaf137",
                                "Leaf139",
                                "Leaf141",
                                "Leaf145",
                                "Leaf151",
                                "Leaf154",
                                "Leaf155",
                                "Leaf159",
                                "Leaf160",
                                "Leaf161",
                                "Leaf164",
                                "Leaf168",
                                "Leaf171",
                                "Leaf172",
                                "Leaf176",
                                "Leaf177",
                                "Leaf179",
                                "Leaf180",
                                "Leaf182",
                                "Leaf183",
                                "Leaf185",
                                "Leaf186",
                                "Leaf187",
                                "Leaf189",
                                "Leaf191",
                                "Leaf194",
                                "Leaf196",
                                "Leaf198",
                                "Leaf201",
                                "Leaf202",
                                "Leaf203",
                                "Leaf208",
                                "Leaf210",
                                "Leaf216",
                                "Leaf220",
                                "Leaf222",
                                "Leaf225",
                                "Leaf226",
                                "Leaf230",
                                "Leaf231",
                                "Leaf233",
                                "Leaf234",
                                "Leaf242",
                                "Leaf244",
                                "Leaf245",
                                "Leaf247",
                                "Leaf254",
                                "Leaf257",
                                "Leaf261",
                                "Leaf262",
                                "Leaf263",
                                "Leaf264",
                                "Leaf265",
                                "Leaf267",
                                "Leaf272",
                                "Leaf274",
                                "Leaf278",
                                "Leaf280",
                                "Leaf283",
                                "Leaf285",
                                "Leaf288",
                                "Leaf289",
                                "Leaf291",
                                "Leaf294",
                                "Leaf296",
                                "Leaf299",
                                "Leaf304",
                                "Leaf306",
                                "Leaf307",
                                "Leaf311",
                                "Leaf314",
                                "Leaf320",
                                "Leaf321",
                                "Leaf324",
                                "Leaf325",
                                "Leaf326",
                                "Leaf334",
                                "Leaf335",
                                "Leaf336",
                                "44263/570/2",
                                "44263/573/2",
                                "44263/576/2",
                                "44263/579/2",
                                "44263/582/2",
                                "44263/585/2",
                                "44263/588/2",
                                "44263/591/2",
                                "44263/593/2",
                                "44263/596/2",
                                "44263/599/2",
                                "44263/602/2",
                                "44263/605/2",
                                "44263/608/2",
                                "44263/611/2",
                                "44263/614/2",
                                "44263/617/2",
                                "44263/620/2",
                                "44263/623/2",
                                "44263/626/2",
                                "44263/629/2",
                                "44263/632/2",
                                "44263/635/2",
                                "44263/638/2",
                                "44263/641/2",
                                "44263/644/2",
                                "44263/647/2",
                                "44263/650/2",
                                "44263/653/2",
                                "44263/656/2",
                                "44263/659/2",
                                "44263/662/2",
                                "44263/665/2",
                                "44263/912/2",
                                "44263/915/2",
                                "44263/918/2",
                                "44263/921/2",
                                "44263/924/2",
                                "44263/927/2",
                                "44263/930/2",
                                "44263/933/2",
                                "44263/936/2",
                                "44263/939/2",
                                "44263/942/2",
                                "44263/945/2",
                                "44263/948/2",
                                "44263/951/2",
                                "44263/954/2",
                                "44263/957/2",
                                "44263/960/2",
                                "44263/963/2"
                            ],
                            "genome_workspace": "pwen:narrative_1558083649245",
                            "workspace": "pwen:narrative_1558083649245"
                        }
                    ],
                    "resolved_ws_objects": [],
                    "service": "fba_tools",
                    "subactions": []
                }
            ],
            "refs": []
        }
    ]
}