{
    "metadata": [
        [
            1790,
            "Leaf92.auxo_media",
            "KBaseBiochem.Media-4.2",
            "2020-06-18T10:12:49+0000",
            1,
            "pwen",
            44263,
            "pwen:narrative_1558083649245",
            "55675c2d6173a00e0bb1608d09f387ff",
            3543,
            {
                "Is Defined": "0",
                "Is Minimal": "0",
                "Name": "Carbon-D-Glucose",
                "Number compounds": "22",
                "Source ID": "Carbon-D-Glucose"
            }
        ]
    ],
    "provenance": [
        {
            "copy_source_inaccessible": 0,
            "created": "2020-06-18T10:12:49+0000",
            "creator": "pwen",
            "epoch": 1592475169598,
            "extracted_ids": {},
            "info": [
                1790,
                "Leaf92.auxo_media",
                "KBaseBiochem.Media-4.2",
                "2020-06-18T10:12:49+0000",
                1,
                "pwen",
                44263,
                "pwen:narrative_1558083649245",
                "55675c2d6173a00e0bb1608d09f387ff",
                3543,
                {
                    "Is Defined": "0",
                    "Is Minimal": "0",
                    "Name": "Carbon-D-Glucose",
                    "Number compounds": "22",
                    "Source ID": "Carbon-D-Glucose"
                }
            ],
            "orig_wsid": 44263,
            "path": [
                "44263/1790/1"
            ],
            "provenance": [
                {
                    "custom": {},
                    "external_data": [],
                    "input_ws_objects": [],
                    "method": "predict_auxotrophy",
                    "method_params": [
                        {
                            "genome_ids": [
                                "Leaf5",
                                "Leaf7",
                                "Leaf8",
                                "Leaf9",
                                "Leaf10",
                                "Leaf11",
                                "Leaf13",
                                "Leaf15",
                                "Leaf16",
                                "Leaf17",
                                "Leaf20",
                                "Leaf23",
                                "Leaf24",
                                "Leaf25",
                                "Leaf26",
                                "Leaf28",
                                "Leaf29",
                                "Leaf30",
                                "Leaf32",
                                "Leaf33",
                                "Leaf34",
                                "Leaf38",
                                "Leaf41",
                                "Leaf42",
                                "Leaf22",
                                "Leaf44",
                                "Leaf48",
                                "Leaf49",
                                "Leaf50",
                                "Leaf51",
                                "Leaf53",
                                "Leaf58",
                                "Leaf61",
                                "Leaf62",
                                "Leaf64",
                                "Leaf67",
                                "Leaf68",
                                "Leaf69",
                                "Leaf70",
                                "Leaf72",
                                "Leaf75",
                                "Leaf76",
                                "Leaf78",
                                "Leaf82",
                                "Leaf83",
                                "Leaf84",
                                "Leaf85",
                                "Leaf86",
                                "Leaf87",
                                "Leaf88",
                                "Leaf89",
                                "Leaf90",
                                "Leaf91",
                                "Leaf92",
                                "44263/267/2",
                                "44263/270/2",
                                "44263/273/2",
                                "44263/276/2",
                                "44263/279/2",
                                "44263/282/2",
                                "44263/285/2",
                                "44263/288/2",
                                "44263/291/2",
                                "44263/294/2",
                                "44263/297/2",
                                "44263/300/2",
                                "44263/303/2",
                                "44263/306/2",
                                "44263/309/2",
                                "44263/312/2",
                                "44263/315/2",
                                "44263/318/2",
                                "44263/321/2",
                                "44263/324/2",
                                "44263/327/2",
                                "44263/330/2",
                                "44263/333/2",
                                "44263/336/2",
                                "44263/339/2",
                                "44263/342/2",
                                "44263/345/2",
                                "44263/348/2",
                                "44263/351/2",
                                "44263/354/2",
                                "44263/357/2",
                                "44263/360/2",
                                "44263/363/2",
                                "44263/366/2",
                                "44263/369/2",
                                "44263/372/2",
                                "44263/375/2",
                                "44263/378/2",
                                "44263/381/2",
                                "44263/384/2",
                                "44263/387/2",
                                "44263/390/2",
                                "44263/393/2",
                                "44263/396/2",
                                "44263/399/2",
                                "44263/402/2",
                                "44263/405/2",
                                "44263/408/2",
                                "44263/411/2",
                                "44263/414/2",
                                "44263/417/2",
                                "44263/420/2",
                                "44263/423/2",
                                "44263/426/2",
                                "44263/429/2",
                                "44263/432/2",
                                "44263/435/2",
                                "44263/438/2",
                                "44263/441/2",
                                "44263/444/2",
                                "44263/447/2",
                                "44263/450/2",
                                "44263/453/2",
                                "44263/456/2",
                                "44263/459/2",
                                "44263/462/2",
                                "44263/465/2",
                                "44263/468/2",
                                "44263/471/2",
                                "44263/474/2",
                                "44263/477/2",
                                "44263/480/2",
                                "44263/483/2",
                                "44263/486/2",
                                "44263/489/2",
                                "44263/492/2",
                                "44263/495/2",
                                "44263/498/2",
                                "44263/501/2",
                                "44263/504/2",
                                "44263/507/2",
                                "44263/510/2",
                                "44263/513/2",
                                "44263/516/2",
                                "44263/519/2",
                                "44263/522/2",
                                "44263/525/2",
                                "44263/528/2",
                                "44263/531/2",
                                "44263/534/2",
                                "44263/537/2",
                                "44263/540/2",
                                "44263/543/2",
                                "44263/546/2",
                                "44263/549/2",
                                "44263/552/2",
                                "44263/555/2",
                                "44263/558/2",
                                "44263/561/2",
                                "44263/564/2",
                                "44263/567/2",
                                "44263/570/2",
                                "44263/573/2",
                                "44263/576/2",
                                "44263/579/2",
                                "44263/582/2",
                                "44263/585/2",
                                "44263/588/2",
                                "44263/591/2",
                                "44263/593/2",
                                "44263/596/2",
                                "44263/599/2",
                                "44263/602/2",
                                "44263/605/2",
                                "44263/608/2",
                                "44263/611/2",
                                "44263/614/2",
                                "44263/617/2",
                                "44263/620/2",
                                "44263/623/2",
                                "44263/626/2",
                                "44263/629/2",
                                "44263/632/2",
                                "44263/635/2",
                                "44263/638/2",
                                "44263/641/2",
                                "44263/644/2",
                                "44263/647/2",
                                "44263/650/2",
                                "44263/653/2",
                                "44263/656/2",
                                "44263/659/2",
                                "44263/662/2",
                                "44263/665/2",
                                "44263/912/2",
                                "44263/915/2",
                                "44263/918/2",
                                "44263/921/2",
                                "44263/924/2",
                                "44263/927/2",
                                "44263/930/2",
                                "44263/933/2",
                                "44263/936/2",
                                "44263/939/2",
                                "44263/942/2",
                                "44263/945/2",
                                "44263/948/2",
                                "44263/951/2",
                                "44263/954/2",
                                "44263/957/2",
                                "44263/960/2",
                                "44263/963/2"
                            ],
                            "genome_workspace": "pwen:narrative_1558083649245",
                            "workspace": "pwen:narrative_1558083649245"
                        }
                    ],
                    "resolved_ws_objects": [],
                    "service": "fba_tools",
                    "subactions": []
                }
            ],
            "refs": []
        }
    ]
}