{
    "metadata": [
        [
            820,
            "Root140.auxo_media",
            "KBaseBiochem.Media-4.2",
            "2020-02-06T17:46:08+0000",
            2,
            "pwen",
            44566,
            "pwen:narrative_1559026331934",
            "09520dea2d76672bdb448c0b89ff38cc",
            4214,
            {
                "Is Defined": "0",
                "Is Minimal": "0",
                "Name": "Carbon-D-Glucose",
                "Number compounds": "26",
                "Source ID": "Carbon-D-Glucose"
            }
        ]
    ],
    "provenance": [
        {
            "copy_source_inaccessible": 0,
            "created": "2020-02-06T17:46:08+0000",
            "creator": "pwen",
            "epoch": 1581011168342,
            "extracted_ids": {},
            "info": [
                820,
                "Root140.auxo_media",
                "KBaseBiochem.Media-4.2",
                "2020-02-06T17:46:08+0000",
                2,
                "pwen",
                44566,
                "pwen:narrative_1559026331934",
                "09520dea2d76672bdb448c0b89ff38cc",
                4214,
                {
                    "Is Defined": "0",
                    "Is Minimal": "0",
                    "Name": "Carbon-D-Glucose",
                    "Number compounds": "26",
                    "Source ID": "Carbon-D-Glucose"
                }
            ],
            "orig_wsid": 44566,
            "path": [
                "44566/820/2"
            ],
            "provenance": [
                {
                    "custom": {},
                    "external_data": [],
                    "input_ws_objects": [],
                    "method": "predict_auxotrophy",
                    "method_params": [
                        {
                            "genome_ids": [
                                "Root133",
                                "Root265",
                                "Root102",
                                "Root101",
                                "Root485",
                                "Root240",
                                "Root1423",
                                "Root402",
                                "Root473",
                                "Root1290",
                                "Root267",
                                "Root483D1",
                                "Root224",
                                "Root74",
                                "Root1334",
                                "Root127",
                                "Root472D3",
                                "Root166",
                                "Root1293",
                                "Root1221",
                                "Root1295",
                                "Root411",
                                "Root431",
                                "Root656",
                                "Root79",
                                "Root482",
                                "Root655",
                                "Root22",
                                "Root635",
                                "Root401",
                                "Root268",
                                "Root1204",
                                "Root930",
                                "Root1220",
                                "Root275",
                                "Root123D2",
                                "Root558",
                                "Root404",
                                "Root335",
                                "Root1212",
                                "Root100",
                                "Root1319",
                                "Root483D2",
                                "Root332",
                                "Root65",
                                "Root231",
                                "Root491",
                                "Root413D1",
                                "Root1312",
                                "Root720",
                                "Root209",
                                "Root9",
                                "Root70",
                                "Root1279",
                                "Root381",
                                "Root1462",
                                "Root1298",
                                "Root423",
                                "Root189",
                                "Root682",
                                "Root186",
                                "Root559",
                                "Root562",
                                "Root614",
                                "Root219",
                                "Root142",
                                "Root695",
                                "Root444D2",
                                "Root487D2Y",
                                "Root651",
                                "Root140",
                                "44566/418/2",
                                "44566/286/2",
                                "44566/430/2",
                                "44566/528/2",
                                "44566/324/2",
                                "44566/454/2",
                                "44566/422/2",
                                "44566/228/2",
                                "44566/428/2",
                                "44566/318/2",
                                "44566/288/2",
                                "44566/562/2",
                                "44566/500/2",
                                "44566/198/2",
                                "44566/450/2",
                                "44566/504/2",
                                "44566/304/2",
                                "44566/280/2",
                                "44566/334/2",
                                "44566/336/2",
                                "44566/214/2",
                                "44566/488/2",
                                "44566/398/2",
                                "44566/480/2",
                                "44566/378/2",
                                "44566/432/2",
                                "44566/212/2",
                                "44566/580/2",
                                "44566/370/2",
                                "44566/354/2",
                                "44566/566/2",
                                "44566/270/2",
                                "44566/344/2",
                                "44566/526/2",
                                "44566/374/2",
                                "44566/310/2",
                                "44566/494/2",
                                "44566/444/2",
                                "44566/236/2",
                                "44566/366/2",
                                "44566/446/2",
                                "44566/508/2",
                                "44566/460/2",
                                "44566/296/2",
                                "44566/268/2",
                                "44566/530/2",
                                "44566/456/2",
                                "44566/484/2",
                                "44566/464/2",
                                "44566/584/2",
                                "44566/386/2",
                                "44566/424/2",
                                "44566/564/2",
                                "44566/330/2",
                                "44566/376/2",
                                "44566/586/2",
                                "44566/394/2",
                                "44566/522/2",
                                "44566/246/2",
                                "44566/420/2",
                                "44566/278/2",
                                "44566/380/2",
                                "44566/492/2",
                                "44566/356/2",
                                "44566/466/2",
                                "44566/448/2",
                                "44566/252/2",
                                "44566/372/2",
                                "44566/314/2",
                                "44566/486/2",
                                "44566/570/2",
                                "44566/306/2",
                                "44566/358/2",
                                "44566/1037/2",
                                "44566/266/2",
                                "44566/382/2",
                                "44566/478/2",
                                "44566/404/2",
                                "44566/282/2",
                                "44566/234/2",
                                "44566/222/2",
                                "44566/568/2",
                                "44566/220/2",
                                "44566/512/2",
                                "44566/588/2",
                                "44566/328/2",
                                "44566/458/2",
                                "44566/434/2",
                                "44566/202/2",
                                "44566/514/2",
                                "44566/230/2",
                                "44566/392/2",
                                "44566/290/2",
                                "44566/256/2",
                                "44566/200/2",
                                "44566/538/2",
                                "44566/518/2",
                                "44566/312/2",
                                "44566/502/2",
                                "44566/206/2",
                                "44566/204/2",
                                "44566/452/2",
                                "44566/520/2",
                                "44566/294/2",
                                "44566/440/2",
                                "44566/320/2",
                                "44566/506/2",
                                "44566/298/2",
                                "44566/254/2",
                                "44566/536/2",
                                "44566/426/2",
                                "44566/316/2",
                                "44566/302/2",
                                "44566/532/2",
                                "44566/348/2",
                                "44566/540/2",
                                "44566/300/2",
                                "44566/226/2",
                                "44566/292/2",
                                "44566/350/2",
                                "44566/240/2",
                                "44566/482/2",
                                "44566/542/2"
                            ],
                            "genome_workspace": "pwen:narrative_1559026331934",
                            "workspace": "pwen:narrative_1559026331934"
                        }
                    ],
                    "resolved_ws_objects": [],
                    "service": "fba_tools",
                    "subactions": []
                }
            ],
            "refs": []
        }
    ]
}