{
    "metadata": [
        [
            1564,
            "Root149.auxo_media",
            "KBaseBiochem.Media-4.2",
            "2020-02-06T23:41:55+0000",
            1,
            "pwen",
            44566,
            "pwen:narrative_1559026331934",
            "eb37f24f3e05b5fae585671c09cfbd0d",
            3711,
            {
                "Is Defined": "0",
                "Is Minimal": "0",
                "Name": "Carbon-D-Glucose",
                "Number compounds": "23",
                "Source ID": "Carbon-D-Glucose"
            }
        ]
    ],
    "provenance": [
        {
            "copy_source_inaccessible": 0,
            "created": "2020-02-06T23:41:55+0000",
            "creator": "pwen",
            "epoch": 1581032515230,
            "extracted_ids": {},
            "info": [
                1564,
                "Root149.auxo_media",
                "KBaseBiochem.Media-4.2",
                "2020-02-06T23:41:55+0000",
                1,
                "pwen",
                44566,
                "pwen:narrative_1559026331934",
                "eb37f24f3e05b5fae585671c09cfbd0d",
                3711,
                {
                    "Is Defined": "0",
                    "Is Minimal": "0",
                    "Name": "Carbon-D-Glucose",
                    "Number compounds": "23",
                    "Source ID": "Carbon-D-Glucose"
                }
            ],
            "orig_wsid": 44566,
            "path": [
                "44566/1564/1"
            ],
            "provenance": [
                {
                    "custom": {},
                    "external_data": [],
                    "input_ws_objects": [],
                    "method": "predict_auxotrophy",
                    "method_params": [
                        {
                            "genome_ids": [
                                "Root133",
                                "Root265",
                                "Root102",
                                "Root101",
                                "Root485",
                                "Root240",
                                "Root1423",
                                "Root402",
                                "Root473",
                                "Root1290",
                                "Root267",
                                "Root483D1",
                                "Root224",
                                "Root74",
                                "Root1334",
                                "Root127",
                                "Root472D3",
                                "Root166",
                                "Root1293",
                                "Root1221",
                                "Root1295",
                                "Root411",
                                "Root431",
                                "Root656",
                                "Root79",
                                "Root482",
                                "Root655",
                                "Root22",
                                "Root635",
                                "Root401",
                                "Root268",
                                "Root1204",
                                "Root930",
                                "Root1220",
                                "Root275",
                                "Root123D2",
                                "Root558",
                                "Root404",
                                "Root335",
                                "Root1212",
                                "Root100",
                                "Root1319",
                                "Root483D2",
                                "Root332",
                                "Root65",
                                "Root231",
                                "Root491",
                                "Root413D1",
                                "Root1312",
                                "Root720",
                                "Root209",
                                "Root9",
                                "Root70",
                                "Root1279",
                                "Root381",
                                "Root1462",
                                "Root1298",
                                "Root423",
                                "Root189",
                                "Root682",
                                "Root186",
                                "Root559",
                                "Root562",
                                "Root614",
                                "Root219",
                                "Root142",
                                "Root695",
                                "Root444D2",
                                "Root487D2Y",
                                "Root651",
                                "Root140",
                                "Root494",
                                "Root1464",
                                "Root552",
                                "Root916",
                                "Root187",
                                "Root60",
                                "Root50",
                                "Root1252",
                                "Root55",
                                "Root180",
                                "Root147",
                                "Root342",
                                "Root700",
                                "Root105",
                                "Root568",
                                "Root71",
                                "Root154",
                                "Root1444",
                                "Root214",
                                "Root217",
                                "Root122",
                                "Root68",
                                "Root456",
                                "Root667",
                                "Root318D1",
                                "Root553",
                                "Root1217",
                                "Root405",
                                "Root278",
                                "Root241",
                                "Root344",
                                "Root137",
                                "Root227",
                                "Root901",
                                "Root29",
                                "Root16D2",
                                "Root690",
                                "Root563",
                                "Root1277",
                                "Root274",
                                "Root564",
                                "Root73",
                                "Root61",
                                "Root1485",
                                "Root136",
                                "Root918",
                                "Root604",
                                "Root670",
                                "Root627",
                                "Root418",
                                "Root4",
                                "Root52",
                                "Root343",
                                "Root198D2",
                                "Root31",
                                "Root420",
                                "Root436",
                                "Root85",
                                "Root1294",
                                "Root495",
                                "Root1433D1",
                                "Root322",
                                "Root685",
                                "Root258",
                                "Root630",
                                "Root565",
                                "Root1304",
                                "Root280D1",
                                "Root172",
                                "Root672",
                                "Root369",
                                "Root157",
                                "Root264",
                                "Root336D2",
                                "Root135",
                                "Root329",
                                "Root662",
                                "Root480",
                                "Root1455",
                                "Root1272",
                                "Root1238",
                                "Root351",
                                "Root1237",
                                "Root76",
                                "Root63",
                                "Root190",
                                "Root608",
                                "Root554",
                                "Root11",
                                "Root77",
                                "Root1257",
                                "Root434",
                                "Root1471",
                                "Root1310",
                                "Root107",
                                "Root954",
                                "Root81",
                                "Root170",
                                "Root708",
                                "Root1203",
                                "Root112D2",
                                "Root569",
                                "Root83",
                                "Root1480D1",
                                "Root561",
                                "Root181",
                                "Root710",
                                "Root149",
                                "44566/254/2",
                                "44566/536/2",
                                "44566/426/2",
                                "44566/316/2",
                                "44566/302/2",
                                "44566/532/2",
                                "44566/348/2",
                                "44566/540/2",
                                "44566/300/2",
                                "44566/226/2",
                                "44566/292/2",
                                "44566/350/2",
                                "44566/240/2",
                                "44566/482/2",
                                "44566/542/2"
                            ],
                            "genome_workspace": "pwen:narrative_1559026331934",
                            "workspace": "pwen:narrative_1559026331934"
                        }
                    ],
                    "resolved_ws_objects": [],
                    "service": "fba_tools",
                    "subactions": []
                }
            ],
            "refs": []
        }
    ]
}