{
    "metadata": [
        [
            1520,
            "Root198D2.auxo_media",
            "KBaseBiochem.Media-4.2",
            "2020-02-06T20:59:41+0000",
            1,
            "pwen",
            44566,
            "pwen:narrative_1559026331934",
            "cf8372bac337465be91ceca7d9d8481f",
            5066,
            {
                "Is Defined": "0",
                "Is Minimal": "0",
                "Name": "Carbon-D-Glucose",
                "Number compounds": "31",
                "Source ID": "Carbon-D-Glucose"
            }
        ]
    ],
    "provenance": [
        {
            "copy_source_inaccessible": 0,
            "created": "2020-02-06T20:59:41+0000",
            "creator": "pwen",
            "epoch": 1581022781059,
            "extracted_ids": {},
            "info": [
                1520,
                "Root198D2.auxo_media",
                "KBaseBiochem.Media-4.2",
                "2020-02-06T20:59:41+0000",
                1,
                "pwen",
                44566,
                "pwen:narrative_1559026331934",
                "cf8372bac337465be91ceca7d9d8481f",
                5066,
                {
                    "Is Defined": "0",
                    "Is Minimal": "0",
                    "Name": "Carbon-D-Glucose",
                    "Number compounds": "31",
                    "Source ID": "Carbon-D-Glucose"
                }
            ],
            "orig_wsid": 44566,
            "path": [
                "44566/1520/1"
            ],
            "provenance": [
                {
                    "custom": {},
                    "external_data": [],
                    "input_ws_objects": [],
                    "method": "predict_auxotrophy",
                    "method_params": [
                        {
                            "genome_ids": [
                                "Root133",
                                "Root265",
                                "Root102",
                                "Root101",
                                "Root485",
                                "Root240",
                                "Root1423",
                                "Root402",
                                "Root473",
                                "Root1290",
                                "Root267",
                                "Root483D1",
                                "Root224",
                                "Root74",
                                "Root1334",
                                "Root127",
                                "Root472D3",
                                "Root166",
                                "Root1293",
                                "Root1221",
                                "Root1295",
                                "Root411",
                                "Root431",
                                "Root656",
                                "Root79",
                                "Root482",
                                "Root655",
                                "Root22",
                                "Root635",
                                "Root401",
                                "Root268",
                                "Root1204",
                                "Root930",
                                "Root1220",
                                "Root275",
                                "Root123D2",
                                "Root558",
                                "Root404",
                                "Root335",
                                "Root1212",
                                "Root100",
                                "Root1319",
                                "Root483D2",
                                "Root332",
                                "Root65",
                                "Root231",
                                "Root491",
                                "Root413D1",
                                "Root1312",
                                "Root720",
                                "Root209",
                                "Root9",
                                "Root70",
                                "Root1279",
                                "Root381",
                                "Root1462",
                                "Root1298",
                                "Root423",
                                "Root189",
                                "Root682",
                                "Root186",
                                "Root559",
                                "Root562",
                                "Root614",
                                "Root219",
                                "Root142",
                                "Root695",
                                "Root444D2",
                                "Root487D2Y",
                                "Root651",
                                "Root140",
                                "Root494",
                                "Root1464",
                                "Root552",
                                "Root916",
                                "Root187",
                                "Root60",
                                "Root50",
                                "Root1252",
                                "Root55",
                                "Root180",
                                "Root147",
                                "Root342",
                                "Root700",
                                "Root105",
                                "Root568",
                                "Root71",
                                "Root154",
                                "Root1444",
                                "Root214",
                                "Root217",
                                "Root122",
                                "Root68",
                                "Root456",
                                "Root667",
                                "Root318D1",
                                "Root553",
                                "Root1217",
                                "Root405",
                                "Root278",
                                "Root241",
                                "Root344",
                                "Root137",
                                "Root227",
                                "Root901",
                                "Root29",
                                "Root16D2",
                                "Root690",
                                "Root563",
                                "Root1277",
                                "Root274",
                                "Root564",
                                "Root73",
                                "Root61",
                                "Root1485",
                                "Root136",
                                "Root918",
                                "Root604",
                                "Root670",
                                "Root627",
                                "Root418",
                                "Root4",
                                "Root52",
                                "Root343",
                                "Root198D2",
                                "44566/376/2",
                                "44566/586/2",
                                "44566/394/2",
                                "44566/522/2",
                                "44566/246/2",
                                "44566/420/2",
                                "44566/278/2",
                                "44566/380/2",
                                "44566/492/2",
                                "44566/356/2",
                                "44566/466/2",
                                "44566/448/2",
                                "44566/252/2",
                                "44566/372/2",
                                "44566/314/2",
                                "44566/486/2",
                                "44566/570/2",
                                "44566/306/2",
                                "44566/358/2",
                                "44566/1037/2",
                                "44566/266/2",
                                "44566/382/2",
                                "44566/478/2",
                                "44566/404/2",
                                "44566/282/2",
                                "44566/234/2",
                                "44566/222/2",
                                "44566/568/2",
                                "44566/220/2",
                                "44566/512/2",
                                "44566/588/2",
                                "44566/328/2",
                                "44566/458/2",
                                "44566/434/2",
                                "44566/202/2",
                                "44566/514/2",
                                "44566/230/2",
                                "44566/392/2",
                                "44566/290/2",
                                "44566/256/2",
                                "44566/200/2",
                                "44566/538/2",
                                "44566/518/2",
                                "44566/312/2",
                                "44566/502/2",
                                "44566/206/2",
                                "44566/204/2",
                                "44566/452/2",
                                "44566/520/2",
                                "44566/294/2",
                                "44566/440/2",
                                "44566/320/2",
                                "44566/506/2",
                                "44566/298/2",
                                "44566/254/2",
                                "44566/536/2",
                                "44566/426/2",
                                "44566/316/2",
                                "44566/302/2",
                                "44566/532/2",
                                "44566/348/2",
                                "44566/540/2",
                                "44566/300/2",
                                "44566/226/2",
                                "44566/292/2",
                                "44566/350/2",
                                "44566/240/2",
                                "44566/482/2",
                                "44566/542/2"
                            ],
                            "genome_workspace": "pwen:narrative_1559026331934",
                            "workspace": "pwen:narrative_1559026331934"
                        }
                    ],
                    "resolved_ws_objects": [],
                    "service": "fba_tools",
                    "subactions": []
                }
            ],
            "refs": []
        }
    ]
}