{
    "metadata": [
        [
            146, 
            "Soil724D2.auxo_media", 
            "KBaseBiochem.Media-4.1", 
            "2019-06-12T11:47:40+0000", 
            1, 
            "pwen", 
            44569, 
            "pwen:narrative_1559033830478", 
            "a7156c09a6c6cca640ae15c7b77ec1ae", 
            3710, 
            {
                "Is Defined": "0", 
                "Is Minimal": "0", 
                "Name": "Carbon-D-Glucose", 
                "Number compounds": "23", 
                "Source ID": "Carbon-D-Glucose"
            }
        ]
    ], 
    "provenance": [
        {
            "copy_source_inaccessible": 0, 
            "created": "2019-06-12T11:47:40+0000", 
            "creator": "pwen", 
            "epoch": 1560340060497, 
            "extracted_ids": {}, 
            "info": [
                146, 
                "Soil724D2.auxo_media", 
                "KBaseBiochem.Media-4.1", 
                "2019-06-12T11:47:40+0000", 
                1, 
                "pwen", 
                44569, 
                "pwen:narrative_1559033830478", 
                "a7156c09a6c6cca640ae15c7b77ec1ae", 
                3710, 
                {
                    "Is Defined": "0", 
                    "Is Minimal": "0", 
                    "Name": "Carbon-D-Glucose", 
                    "Number compounds": "23", 
                    "Source ID": "Carbon-D-Glucose"
                }
            ], 
            "orig_wsid": 44569, 
            "path": [
                "44569/146/1"
            ], 
            "provenance": [
                {
                    "custom": {}, 
                    "external_data": [], 
                    "input_ws_objects": [], 
                    "method": "predict_auxotrophy", 
                    "method_params": [
                        {
                            "genome_ids": [
                                "Soil522", 
                                "Soil531", 
                                "Soil535", 
                                "Soil538", 
                                "Soil724D2", 
                                "44569/47/2", 
                                "44569/49/2", 
                                "44569/51/2", 
                                "44569/53/2", 
                                "44569/55/2", 
                                "44569/57/2", 
                                "44569/59/2", 
                                "44569/61/2", 
                                "44569/63/2", 
                                "44569/65/2", 
                                "44569/67/2", 
                                "44569/69/2", 
                                "44569/71/2", 
                                "44569/73/2", 
                                "44569/75/2", 
                                "44569/77/2", 
                                "44569/79/2", 
                                "44569/81/2", 
                                "44569/83/2", 
                                "44569/85/2", 
                                "44569/87/2", 
                                "44569/89/2", 
                                "44569/91/2", 
                                "44569/93/2", 
                                "44569/95/2", 
                                "44569/97/2", 
                                "44569/100/2"
                            ], 
                            "genome_workspace": "pwen:narrative_1559033830478", 
                            "workspace": "pwen:narrative_1559033830478"
                        }
                    ], 
                    "resolved_ws_objects": [], 
                    "service": "fba_tools", 
                    "subactions": []
                }
            ], 
            "refs": []
        }
    ]
}