{
    "metadata": [
        [
            1050,
            "Leaf203.auxo_media",
            "KBaseBiochem.Media-4.2",
            "2020-06-18T12:07:06+0000",
            2,
            "pwen",
            44263,
            "pwen:narrative_1558083649245",
            "a0ef523617615f5a76c1e4378876ed5b",
            5063,
            {
                "Is Defined": "0",
                "Is Minimal": "0",
                "Name": "Carbon-D-Glucose",
                "Number compounds": "31",
                "Source ID": "Carbon-D-Glucose"
            }
        ]
    ],
    "provenance": [
        {
            "copy_source_inaccessible": 0,
            "created": "2020-06-18T12:07:06+0000",
            "creator": "pwen",
            "epoch": 1592482026475,
            "extracted_ids": {},
            "info": [
                1050,
                "Leaf203.auxo_media",
                "KBaseBiochem.Media-4.2",
                "2020-06-18T12:07:06+0000",
                2,
                "pwen",
                44263,
                "pwen:narrative_1558083649245",
                "a0ef523617615f5a76c1e4378876ed5b",
                5063,
                {
                    "Is Defined": "0",
                    "Is Minimal": "0",
                    "Name": "Carbon-D-Glucose",
                    "Number compounds": "31",
                    "Source ID": "Carbon-D-Glucose"
                }
            ],
            "orig_wsid": 44263,
            "path": [
                "44263/1050/2"
            ],
            "provenance": [
                {
                    "custom": {},
                    "external_data": [],
                    "input_ws_objects": [],
                    "method": "predict_auxotrophy",
                    "method_params": [
                        {
                            "genome_ids": [
                                "Leaf5",
                                "Leaf7",
                                "Leaf8",
                                "Leaf9",
                                "Leaf10",
                                "Leaf11",
                                "Leaf13",
                                "Leaf15",
                                "Leaf16",
                                "Leaf17",
                                "Leaf20",
                                "Leaf23",
                                "Leaf24",
                                "Leaf25",
                                "Leaf26",
                                "Leaf28",
                                "Leaf29",
                                "Leaf30",
                                "Leaf32",
                                "Leaf33",
                                "Leaf34",
                                "Leaf38",
                                "Leaf41",
                                "Leaf42",
                                "Leaf22",
                                "Leaf44",
                                "Leaf48",
                                "Leaf49",
                                "Leaf50",
                                "Leaf51",
                                "Leaf53",
                                "Leaf58",
                                "Leaf61",
                                "Leaf62",
                                "Leaf64",
                                "Leaf67",
                                "Leaf68",
                                "Leaf69",
                                "Leaf70",
                                "Leaf72",
                                "Leaf75",
                                "Leaf76",
                                "Leaf78",
                                "Leaf82",
                                "Leaf83",
                                "Leaf84",
                                "Leaf85",
                                "Leaf86",
                                "Leaf87",
                                "Leaf88",
                                "Leaf89",
                                "Leaf90",
                                "Leaf91",
                                "Leaf92",
                                "Leaf93",
                                "Leaf94",
                                "Leaf99",
                                "Leaf100",
                                "Leaf102",
                                "Leaf104",
                                "Leaf106",
                                "Leaf108",
                                "Leaf111",
                                "Leaf112",
                                "Leaf113",
                                "Leaf117",
                                "Leaf119",
                                "Leaf121",
                                "Leaf122",
                                "Leaf123",
                                "Leaf125",
                                "Leaf126",
                                "Leaf127",
                                "Leaf129",
                                "Leaf130",
                                "Leaf131",
                                "Leaf137",
                                "Leaf139",
                                "Leaf141",
                                "Leaf145",
                                "Leaf151",
                                "Leaf154",
                                "Leaf155",
                                "Leaf159",
                                "Leaf160",
                                "Leaf161",
                                "Leaf164",
                                "Leaf168",
                                "Leaf171",
                                "Leaf172",
                                "Leaf176",
                                "Leaf177",
                                "Leaf179",
                                "Leaf180",
                                "Leaf182",
                                "Leaf183",
                                "Leaf185",
                                "Leaf186",
                                "Leaf187",
                                "Leaf189",
                                "Leaf191",
                                "Leaf194",
                                "Leaf196",
                                "Leaf198",
                                "Leaf201",
                                "Leaf202",
                                "Leaf203",
                                "44263/426/2",
                                "44263/429/2",
                                "44263/432/2",
                                "44263/435/2",
                                "44263/438/2",
                                "44263/441/2",
                                "44263/444/2",
                                "44263/447/2",
                                "44263/450/2",
                                "44263/453/2",
                                "44263/456/2",
                                "44263/459/2",
                                "44263/462/2",
                                "44263/465/2",
                                "44263/468/2",
                                "44263/471/2",
                                "44263/474/2",
                                "44263/477/2",
                                "44263/480/2",
                                "44263/483/2",
                                "44263/486/2",
                                "44263/489/2",
                                "44263/492/2",
                                "44263/495/2",
                                "44263/498/2",
                                "44263/501/2",
                                "44263/504/2",
                                "44263/507/2",
                                "44263/510/2",
                                "44263/513/2",
                                "44263/516/2",
                                "44263/519/2",
                                "44263/522/2",
                                "44263/525/2",
                                "44263/528/2",
                                "44263/531/2",
                                "44263/534/2",
                                "44263/537/2",
                                "44263/540/2",
                                "44263/543/2",
                                "44263/546/2",
                                "44263/549/2",
                                "44263/552/2",
                                "44263/555/2",
                                "44263/558/2",
                                "44263/561/2",
                                "44263/564/2",
                                "44263/567/2",
                                "44263/570/2",
                                "44263/573/2",
                                "44263/576/2",
                                "44263/579/2",
                                "44263/582/2",
                                "44263/585/2",
                                "44263/588/2",
                                "44263/591/2",
                                "44263/593/2",
                                "44263/596/2",
                                "44263/599/2",
                                "44263/602/2",
                                "44263/605/2",
                                "44263/608/2",
                                "44263/611/2",
                                "44263/614/2",
                                "44263/617/2",
                                "44263/620/2",
                                "44263/623/2",
                                "44263/626/2",
                                "44263/629/2",
                                "44263/632/2",
                                "44263/635/2",
                                "44263/638/2",
                                "44263/641/2",
                                "44263/644/2",
                                "44263/647/2",
                                "44263/650/2",
                                "44263/653/2",
                                "44263/656/2",
                                "44263/659/2",
                                "44263/662/2",
                                "44263/665/2",
                                "44263/912/2",
                                "44263/915/2",
                                "44263/918/2",
                                "44263/921/2",
                                "44263/924/2",
                                "44263/927/2",
                                "44263/930/2",
                                "44263/933/2",
                                "44263/936/2",
                                "44263/939/2",
                                "44263/942/2",
                                "44263/945/2",
                                "44263/948/2",
                                "44263/951/2",
                                "44263/954/2",
                                "44263/957/2",
                                "44263/960/2",
                                "44263/963/2"
                            ],
                            "genome_workspace": "pwen:narrative_1558083649245",
                            "workspace": "pwen:narrative_1558083649245"
                        }
                    ],
                    "resolved_ws_objects": [],
                    "service": "fba_tools",
                    "subactions": []
                }
            ],
            "refs": []
        }
    ]
}