{
    "metadata": [
        [
            169, 
            "Soil805.auxo_media", 
            "KBaseBiochem.Media-4.1", 
            "2019-06-12T12:47:58+0000", 
            1, 
            "pwen", 
            44569, 
            "pwen:narrative_1559033830478", 
            "25eed191e88b87c8c9e58039e297f998", 
            4396, 
            {
                "Is Defined": "0", 
                "Is Minimal": "0", 
                "Name": "Carbon-D-Glucose", 
                "Number compounds": "27", 
                "Source ID": "Carbon-D-Glucose"
            }
        ]
    ], 
    "provenance": [
        {
            "copy_source_inaccessible": 0, 
            "created": "2019-06-12T12:47:58+0000", 
            "creator": "pwen", 
            "epoch": 1560343678923, 
            "extracted_ids": {}, 
            "info": [
                169, 
                "Soil805.auxo_media", 
                "KBaseBiochem.Media-4.1", 
                "2019-06-12T12:47:58+0000", 
                1, 
                "pwen", 
                44569, 
                "pwen:narrative_1559033830478", 
                "25eed191e88b87c8c9e58039e297f998", 
                4396, 
                {
                    "Is Defined": "0", 
                    "Is Minimal": "0", 
                    "Name": "Carbon-D-Glucose", 
                    "Number compounds": "27", 
                    "Source ID": "Carbon-D-Glucose"
                }
            ], 
            "orig_wsid": 44569, 
            "path": [
                "44569/169/1"
            ], 
            "provenance": [
                {
                    "custom": {}, 
                    "external_data": [], 
                    "input_ws_objects": [], 
                    "method": "predict_auxotrophy", 
                    "method_params": [
                        {
                            "genome_ids": [
                                "Soil522", 
                                "Soil531", 
                                "Soil535", 
                                "Soil538", 
                                "Soil724D2", 
                                "Soil728", 
                                "Soil729", 
                                "Soil736", 
                                "Soil745", 
                                "Soil748", 
                                "Soil750", 
                                "Soil756", 
                                "Soil761", 
                                "Soil762", 
                                "Soil763", 
                                "Soil764", 
                                "Soil768D1", 
                                "Soil772", 
                                "Soil773", 
                                "Soil774", 
                                "Soil777", 
                                "Soil782", 
                                "Soil787", 
                                "Soil796", 
                                "Soil797", 
                                "Soil802", 
                                "Soil803", 
                                "Soil805", 
                                "44569/93/2", 
                                "44569/95/2", 
                                "44569/97/2", 
                                "44569/100/2"
                            ], 
                            "genome_workspace": "pwen:narrative_1559033830478", 
                            "workspace": "pwen:narrative_1559033830478"
                        }
                    ], 
                    "resolved_ws_objects": [], 
                    "service": "fba_tools", 
                    "subactions": []
                }
            ], 
            "refs": []
        }
    ]
}